City_ID,City,Country,Date,Lat,Lng,Max Temp,Humidity,Cloudiness,Wind Speed
0,Tasiilaq,GL,2021-11-03 19:37:56,65.6145,-37.6368,30.36,86,14,8.08
1,Mataura,NZ,2021-11-03 19:37:57,-46.1927,168.8643,50.49,60,8,2.91
2,Barrow,US,2021-11-03 19:37:57,71.2906,-156.7887,24.82,86,90,16.11
3,Ushuaia,AR,2021-11-03 19:34:41,-54.8,-68.3,49.62,66,75,28.77
4,Geraldton,AU,2021-11-03 19:37:58,-28.7667,114.6,55.81,88,6,11.5
5,Saint-Augustin,CA,2021-11-03 19:37:58,51.226,-58.6502,44.15,58,7,11.5
6,Artyom,AZ,2021-11-03 19:37:59,40.4723,50.333,59.14,80,53,15.23
7,Armstrong,AR,2021-11-03 19:37:59,-32.7822,-61.6022,80.58,40,0,4.83
8,Jamestown,US,2021-11-03 19:37:19,42.097,-79.2353,43.02,72,90,4.0
9,Amapa,BR,2021-11-03 19:38:00,1.0,-52.0,81.82,68,100,2.84
10,Yellowknife,CA,2021-11-03 19:38:00,62.456,-114.3525,40.41,85,40,10.36
11,Glenwood Springs,US,2021-11-03 19:38:01,39.5505,-107.3248,54.41,53,29,2.93
12,Terney,RU,2021-11-03 19:38:02,45.0503,136.6092,40.17,85,18,4.23
13,Kahului,US,2021-11-03 19:38:03,20.8947,-156.47,83.97,75,40,10.36
14,Busselton,AU,2021-11-03 19:38:03,-33.65,115.3333,44.1,86,98,4.92
15,Hilo,US,2021-11-03 19:38:04,19.7297,-155.09,82.26,70,1,0.0
16,Hirara,JP,2021-11-03 19:38:04,24.8,125.2833,73.92,65,31,13.44
17,Rikitea,PF,2021-11-03 19:38:05,-23.1203,-134.9692,73.72,73,100,15.68
18,Hermanus,ZA,2021-11-03 19:38:05,-34.4187,19.2345,64.8,80,0,10.2
19,Mar Del Plata,AR,2021-11-03 19:35:02,-38.0023,-57.5575,68.02,99,75,11.01
20,Puerto Madryn,AR,2021-11-03 19:38:06,-42.7692,-65.0385,80.35,35,100,25.84
21,Constitucion,CL,2021-11-03 19:38:06,-35.3333,-72.4167,54.55,77,100,12.93
22,Punta Arenas,CL,2021-11-03 19:35:22,-53.15,-70.9167,55.51,47,0,24.16
23,Kodiak,US,2021-11-03 19:33:16,57.79,-152.4072,36.91,87,40,0.0
24,Pevek,RU,2021-11-03 19:38:07,69.7008,170.3133,-14.57,98,20,7.72
25,Atambua,ID,2021-11-03 19:38:07,-9.1061,124.8925,74.98,88,93,3.94
26,San Cristobal,VE,2021-11-03 19:38:08,7.7669,-72.225,77.18,74,100,0.67
27,Akyab,MM,2021-11-03 19:38:08,20.15,92.9,75.65,75,39,6.87
28,Ambilobe,MG,2021-11-03 19:38:09,-13.2,49.05,75.45,84,16,2.86
29,Matinhos,BR,2021-11-03 19:38:09,-25.8175,-48.5428,85.66,81,68,10.63
30,Fort Nelson,CA,2021-11-03 19:38:09,58.8053,-122.7002,20.79,79,75,0.0
31,Nikolskoye,RU,2021-11-03 19:38:10,59.7035,30.7861,45.88,88,100,9.66
32,Pisco,PE,2021-11-03 19:34:53,-13.7,-76.2167,68.05,73,0,12.66
33,Bluff,NZ,2021-11-03 19:38:10,-46.6,168.3333,50.81,73,9,6.93
34,Inirida,CO,2021-11-03 19:38:11,3.8653,-67.9239,85.39,62,99,0.56
35,Faanui,PF,2021-11-03 19:38:11,-16.4833,-151.75,78.4,79,11,9.51
36,Srednekolymsk,RU,2021-11-03 19:38:12,67.45,153.6833,-10.25,92,61,7.0
37,New Norfolk,AU,2021-11-03 19:38:12,-42.7826,147.0587,49.66,81,5,2.19
38,Prince Rupert,CA,2021-11-03 19:38:13,54.3161,-130.3201,47.89,90,100,9.22
39,Pisek,CZ,2021-11-03 19:38:13,49.3088,14.1475,47.19,99,96,0.34
40,Pangnirtung,CA,2021-11-03 19:38:13,66.1451,-65.7125,24.8,68,75,4.61
41,Cape Town,ZA,2021-11-03 19:33:31,-33.9258,18.4232,62.11,80,40,8.05
42,Bosaso,SO,2021-11-03 19:38:14,11.2842,49.1816,77.47,56,7,6.22
43,Port Alfred,ZA,2021-11-03 19:38:14,-33.5906,26.891,63.88,88,0,7.63
44,Homer,US,2021-11-03 19:35:40,59.6425,-151.5483,43.77,93,40,5.75
45,Longyearbyen,SJ,2021-11-03 19:39:15,78.2186,15.6401,21.04,68,75,21.85
46,Tiksi,RU,2021-11-03 19:39:15,71.6872,128.8694,-9.31,96,96,9.78
47,Castro,BR,2021-11-03 19:39:16,-24.7911,-50.0119,76.08,57,50,2.37
48,Vic,ES,2021-11-03 19:39:16,41.9301,2.2549,51.17,91,96,1.01
49,Tuktoyaktuk,CA,2021-11-03 19:39:17,69.4541,-133.0374,21.2,93,90,8.05
50,Samana,DO,2021-11-03 19:39:17,19.2056,-69.3369,86.22,70,40,11.5
51,Airai,TL,2021-11-03 19:39:18,-8.9266,125.4092,61.2,90,99,3.18
52,Avarua,CK,2021-11-03 19:39:18,-21.2078,-159.775,77.05,73,40,9.22
53,Kapaa,US,2021-11-03 19:39:18,22.0752,-159.319,79.12,79,75,1.01
54,Puerto Ayora,EC,2021-11-03 19:39:19,-0.7393,-90.3518,82.36,75,73,10.74
55,Sonthofen,DE,2021-11-03 19:39:19,47.5167,10.2833,42.33,94,100,1.01
56,Albany,US,2021-11-03 19:39:20,42.6001,-73.9662,48.15,53,99,5.01
57,Komsomolskiy,UZ,2021-11-03 19:39:20,40.4272,71.7189,50.72,57,75,2.3
58,Ponta Do Sol,PT,2021-11-03 19:39:21,32.6667,-17.1,74.01,74,100,7.0
59,Dikson,RU,2021-11-03 19:39:21,73.5069,80.5464,15.96,93,96,8.03
60,Prince George,CA,2021-11-03 19:39:21,53.9166,-122.753,48.25,78,90,1.99
61,Nipawin,CA,2021-11-03 19:39:22,53.3668,-104.0009,41.04,56,1,6.91
62,Atuona,PF,2021-11-03 19:39:22,-9.8,-139.0333,77.88,66,70,16.15
63,Okhotsk,RU,2021-11-03 19:39:22,59.3833,143.3,19.33,87,44,9.51
64,Itoman,JP,2021-11-03 19:39:23,26.1247,127.6694,69.82,71,20,6.91
65,Morondava,MG,2021-11-03 19:39:23,-20.2833,44.2833,76.05,88,0,7.9
66,Flinders,AU,2021-11-03 19:39:24,-34.5833,150.8552,65.21,85,100,1.01
67,Kavieng,PG,2021-11-03 19:39:24,-2.5744,150.7967,81.97,80,70,14.14
68,Cervo,ES,2021-11-03 19:39:25,43.6702,-7.4101,49.96,76,100,7.23
69,Huilong,CN,2021-11-03 19:39:25,31.8111,121.655,63.03,69,88,4.72
70,Vaini,TO,2021-11-03 19:39:26,-21.2,-175.2,78.96,94,75,9.22
71,Dzaoudzi,YT,2021-11-03 19:39:26,-12.7887,45.2699,80.49,83,0,5.75
72,Hobart,AU,2021-11-03 19:39:26,-42.8794,147.3294,50.02,93,20,3.44
73,Porbandar,IN,2021-11-03 19:39:27,21.6422,69.6093,78.87,44,98,10.94
74,Port Hedland,AU,2021-11-03 19:39:27,-20.3167,118.5667,71.65,83,5,6.91
75,Goderich,CA,2021-11-03 19:39:28,43.7501,-81.7165,42.91,93,100,5.75
76,Ponta Delgada,PT,2021-11-03 19:39:28,37.7333,-25.6667,67.5,94,75,13.8
77,Hithadhoo,MV,2021-11-03 19:39:29,-0.6,73.0833,82.18,76,100,14.67
78,Port Elizabeth,ZA,2021-11-03 19:36:35,-33.918,25.5701,59.09,88,0,5.75
79,Sarankhola,BD,2021-11-03 19:39:29,22.3082,89.7897,66.18,77,99,4.94
80,Burnie,AU,2021-11-03 19:39:30,-41.0667,145.9167,49.19,86,4,6.53
81,Bambous Virieux,MU,2021-11-03 19:39:28,-20.3428,57.7575,73.65,83,75,6.91
82,Ilulissat,GL,2021-11-03 19:39:30,69.2167,-51.1,37.42,56,40,13.8
83,Korla,CN,2021-11-03 19:39:31,41.7597,86.1469,44.06,35,73,3.51
84,Puerto Colombia,CO,2021-11-03 19:39:31,10.9878,-74.9547,89.69,71,31,1.77
85,Innisfail,AU,2021-11-03 19:39:32,-17.5333,146.0333,74.52,84,70,7.99
86,Dingle,PH,2021-11-03 19:39:32,10.9995,122.6711,75.6,92,100,6.6
87,Georgetown,MY,2021-11-03 19:39:33,5.4112,100.3354,78.73,89,20,1.01
88,Bethel,US,2021-11-03 19:39:33,41.3712,-73.414,52.81,53,20,1.99
89,Porto Santo,PT,2021-11-03 19:40:33,33.072,-16.3415,73.31,78,40,12.66
90,Marsa Matruh,EG,2021-11-03 19:39:24,31.3525,27.2453,73.98,70,0,9.31
91,Pangoa,PE,2021-11-03 19:40:34,-12.1167,-73.0,78.96,62,100,3.36
92,Itupiranga,BR,2021-11-03 19:40:34,-5.1347,-49.3267,91.72,67,100,2.26
93,Bredasdorp,ZA,2021-11-03 19:40:35,-34.5322,20.0403,64.27,63,0,9.22
94,Ibipeba,BR,2021-11-03 19:40:35,-11.6408,-42.0111,79.41,61,97,5.48
95,Denpasar,ID,2021-11-03 19:36:41,-8.65,115.2167,78.46,88,75,9.22
96,Zyryanka,RU,2021-11-03 19:40:36,65.75,150.85,-6.21,92,31,5.17
97,Butaritari,KI,2021-11-03 19:40:37,3.0707,172.7902,82.99,70,99,14.99
98,Ribeira Grande,PT,2021-11-03 19:40:37,38.5167,-28.7,68.4,94,75,25.32
99,Gdynia,PL,2021-11-03 19:40:38,54.5189,18.5319,44.26,86,75,6.91
100,Banjar,ID,2021-11-03 19:40:38,-8.19,114.9675,78.66,89,100,4.38
101,Coshocton,US,2021-11-03 19:37:51,40.272,-81.8596,51.48,41,75,1.99
102,Lodja,CD,2021-11-03 19:40:38,-3.4833,23.4333,66.88,98,100,2.89
103,Sitka,US,2021-11-03 19:40:39,57.0531,-135.33,46.29,87,90,10.36
104,Nanortalik,GL,2021-11-03 19:40:39,60.1432,-45.2371,38.32,88,100,6.85
105,Mayo,US,2021-11-03 19:40:40,38.8876,-76.5119,54.36,44,1,7.0
106,Qaanaaq,GL,2021-11-03 19:40:04,77.484,-69.3632,4.24,59,0,8.34
107,Kajaani,FI,2021-11-03 19:40:40,64.2273,27.7285,39.25,100,90,6.91
108,Sosva,RU,2021-11-03 19:40:41,59.1766,61.8558,22.71,93,24,6.91
109,Bako,ET,2021-11-03 19:40:41,5.7833,36.5667,68.45,43,6,3.96
110,Zemio,CF,2021-11-03 19:40:42,5.0314,25.1361,69.46,96,88,2.53
111,Mnogovershinnyy,RU,2021-11-03 19:40:42,53.9353,139.9242,22.12,76,100,3.04
112,Katangli,RU,2021-11-03 19:40:43,51.7102,143.2326,31.39,84,7,6.62
113,Carnarvon,AU,2021-11-03 19:39:38,-24.8667,113.6333,66.27,77,0,16.11
114,Ixtapa,MX,2021-11-03 19:39:49,20.7,-105.2,87.03,62,75,6.91
115,Tilichiki,RU,2021-11-03 19:40:44,60.4667,166.1,11.14,94,95,4.29
116,Valparaiso,CL,2021-11-03 19:40:44,-33.0393,-71.6273,71.83,57,0,16.11
117,Vila Velha,BR,2021-11-03 19:39:53,-20.3297,-40.2925,80.55,69,40,17.27
118,Fortuna,US,2021-11-03 19:38:58,40.5982,-124.1573,73.85,61,40,13.0
119,Hamilton,US,2021-11-03 19:38:27,39.1834,-84.5333,51.6,44,40,1.01
120,Corpus Christi,US,2021-11-03 19:40:45,27.8006,-97.3964,85.03,61,75,7.0
121,Kodinsk,RU,2021-11-03 19:37:24,58.6881,99.1844,8.94,89,100,8.12
122,Mount Gambier,AU,2021-11-03 19:40:45,-37.8333,140.7667,44.51,100,48,0.0
123,Oranjemund,NA,2021-11-03 19:40:46,-28.55,16.4333,58.28,84,0,10.67
124,Talnakh,RU,2021-11-03 19:40:46,69.4865,88.3972,0.73,98,100,11.99
125,Alamosa,US,2021-11-03 19:40:47,37.4695,-105.87,55.35,43,1,5.75
126,Unai,BR,2021-11-03 19:40:47,-16.3575,-46.9061,83.23,53,100,4.79
127,Moerai,PF,2021-11-03 19:40:48,-22.4333,-151.3333,74.19,70,4,21.61
128,Krasnyy Chikoy,RU,2021-11-03 19:40:48,50.3643,108.7512,20.82,81,49,10.02
129,Mahebourg,MU,2021-11-03 19:40:49,-20.4081,57.7,73.69,83,75,6.91
130,Sangueya,GN,2021-11-03 19:40:49,10.7,-14.3667,77.36,90,10,3.27
131,Were Ilu,ET,2021-11-03 19:40:49,10.6,39.4333,46.62,48,0,6.2
132,Barth,DE,2021-11-03 19:40:50,54.3635,12.7249,46.09,71,100,6.78
133,Esperance,AU,2021-11-03 19:40:50,-33.8667,121.9,49.84,71,0,5.55
134,Seaford,GB,2021-11-03 19:40:51,50.7714,0.1027,48.16,89,95,11.01
135,Comodoro Rivadavia,AR,2021-11-03 19:41:51,-45.8667,-67.5,73.26,33,40,29.93
136,Umuarama,BR,2021-11-03 19:41:52,-23.7664,-53.325,83.52,56,86,3.47
137,Alice Springs,AU,2021-11-03 19:41:52,-23.7,133.8833,65.75,100,96,0.0
138,Acapulco,MX,2021-11-03 19:41:53,16.8634,-99.8901,84.02,71,91,6.93
139,Hambantota,LK,2021-11-03 19:40:34,6.1241,81.1185,79.25,85,100,12.77
140,Karratha,AU,2021-11-03 19:41:53,-20.7377,116.8463,71.69,69,5,7.61
141,Silvania,BR,2021-11-03 19:41:54,-16.6589,-48.6081,76.1,75,98,7.23
142,Saskylakh,RU,2021-11-03 19:40:11,71.9167,114.0833,-13.13,96,45,8.75
143,Ouegoa,NC,2021-11-03 19:41:54,-20.35,164.4333,72.84,70,0,9.01
144,Gidam,IN,2021-11-03 19:41:54,18.9833,81.4,68.09,95,100,2.35
145,Poya,NC,2021-11-03 19:41:55,-21.35,165.15,71.89,69,0,6.49
146,Plouzane,FR,2021-11-03 19:41:55,48.3833,-4.6167,52.09,90,75,3.44
147,Chingirlau,KZ,2021-11-03 19:41:56,51.095,54.0814,27.52,31,0,14.16
148,Cherskiy,RU,2021-11-03 19:41:56,68.75,161.3,-18.99,98,85,6.58
149,Marrakesh,MA,2021-11-03 19:41:57,31.6315,-8.0083,68.07,73,40,9.22
150,Oak Ridge,US,2021-11-03 19:37:54,36.0104,-84.2696,52.45,58,75,5.75
151,Wakkanai,JP,2021-11-03 19:41:57,45.4094,141.6739,47.91,87,100,15.48
152,Saldanha,ZA,2021-11-03 19:41:58,-33.0117,17.9442,60.85,86,0,6.49
153,Chokurdakh,RU,2021-11-03 19:40:37,70.6333,147.9167,-16.31,99,92,6.85
154,Naze,JP,2021-11-03 19:41:58,28.3667,129.4833,64.18,67,0,11.92
155,Aykhal,RU,2021-11-03 19:41:42,66.0,111.5,-20.24,100,99,3.11
156,Pochutla,MX,2021-11-03 19:41:59,15.7432,-96.4661,89.82,57,87,7.63
157,Siguiri,GN,2021-11-03 19:41:59,11.6667,-9.5,77.41,71,47,1.23
158,Arraial Do Cabo,BR,2021-11-03 19:40:44,-22.9661,-42.0278,75.16,83,40,17.27
159,Gat,IL,2021-11-03 19:41:32,31.61,34.7642,70.48,73,0,7.54
160,Saint-Philippe,RE,2021-11-03 19:42:00,-21.3585,55.7679,72.99,79,16,6.91
161,Prado,BR,2021-11-03 19:42:00,-17.3411,-39.2208,77.56,90,43,6.93
162,Oussouye,SN,2021-11-03 19:42:01,12.485,-16.5469,84.38,74,9,6.02
163,Bilma,NE,2021-11-03 19:42:02,18.6853,12.9164,84.06,16,0,5.28
164,Mandalgovi,MN,2021-11-03 19:42:02,45.7625,106.2708,32.95,56,23,7.76
165,Tessalit,ML,2021-11-03 19:42:03,20.1986,1.0114,85.35,13,3,7.7
166,Nago,JP,2021-11-03 19:42:04,26.5881,127.9761,69.96,67,10,8.32
167,Aksarka,RU,2021-11-03 19:42:04,66.5606,67.7975,27.01,90,86,16.24
168,Cayenne,GF,2021-11-03 19:42:05,4.9333,-52.3333,86.04,77,20,5.99
169,Clyde River,CA,2021-11-03 19:41:29,70.4692,-68.5914,20.95,87,96,32.95
170,Langarud,IR,2021-11-03 19:42:05,37.197,50.1535,64.38,93,100,2.91
171,Sambava,MG,2021-11-03 19:42:06,-14.2667,50.1667,74.71,85,6,3.04
172,Rio Grande,BR,2021-11-03 19:42:06,-32.035,-52.0986,77.11,90,100,11.12
173,Alenquer,BR,2021-11-03 19:42:07,-1.9417,-54.7383,88.14,52,77,4.72
174,Tezu,IN,2021-11-03 19:42:07,27.9167,96.1667,63.75,37,26,4.72
175,Husavik,IS,2021-11-03 19:42:08,66.0449,-17.3389,39.11,73,90,21.25
176,Souillac,MU,2021-11-03 19:42:08,-20.5167,57.5167,73.78,83,75,6.91
177,Cabo San Lucas,MX,2021-11-03 19:39:46,22.8909,-109.9124,91.51,54,1,11.5
178,Hwange,ZW,2021-11-03 19:42:09,-18.3693,26.5019,85.23,35,71,7.2
179,Oiba,CO,2021-11-03 19:42:09,6.2639,-73.2988,69.94,89,100,2.19
180,East London,ZA,2021-11-03 19:42:10,-33.0153,27.9116,65.44,81,10,10.09
181,Soure,BR,2021-11-03 19:42:10,-0.7167,-48.5233,83.37,71,87,10.89
182,Ystad,SE,2021-11-03 19:42:11,55.4297,13.8204,40.37,86,58,3.67
183,Kysyl-Syr,RU,2021-11-03 19:43:11,63.8986,122.7617,15.42,96,99,4.03
184,Khatanga,RU,2021-11-03 19:43:12,71.9667,102.5,6.42,91,100,17.13
185,Chapais,CA,2021-11-03 19:42:17,49.7834,-74.8492,31.78,81,100,8.63
186,Hasaki,JP,2021-11-03 19:43:12,35.7333,140.8333,50.4,55,100,11.81
187,Hovd,MN,2021-11-03 19:43:13,48.0056,91.6419,13.23,29,100,8.93
188,Salalah,OM,2021-11-03 19:41:48,17.0151,54.0924,78.89,53,0,4.61
189,Brasileia,BR,2021-11-03 19:43:13,-11.0161,-68.7481,75.65,100,75,3.44
190,Lagoa,PT,2021-11-03 19:40:38,39.05,-27.9833,67.41,88,100,21.45
191,Mae Hong Son,TH,2021-11-03 19:43:14,19.3003,97.9685,70.11,99,61,1.54
192,Paamiut,GL,2021-11-03 19:43:14,61.994,-49.6678,33.26,99,100,12.21
193,Porto Novo,BJ,2021-11-03 19:43:15,6.4965,2.6036,82.22,81,11,7.27
194,Muros,ES,2021-11-03 19:41:44,42.7762,-9.0603,54.84,93,91,9.48
195,Dhidhdhoo,MV,2021-11-03 19:39:04,6.8833,73.1,81.5,80,100,17.78
196,Del Rio,US,2021-11-03 19:43:15,29.3627,-100.8968,68.43,77,90,11.5
197,Sarangani,PH,2021-11-03 19:43:16,5.4033,125.4636,83.08,77,75,8.61
198,Vila Franca Do Campo,PT,2021-11-03 19:40:04,37.7167,-25.4333,67.19,91,100,12.41
199,Luang Prabang,LA,2021-11-03 19:43:17,19.8856,102.1347,68.74,99,34,1.05
200,Sharanga,RU,2021-11-03 19:43:17,57.1775,46.5396,33.57,76,0,11.27
201,Jalu,LY,2021-11-03 19:41:49,29.0331,21.5482,78.39,22,0,8.08
202,Petropavlovsk-Kamchatskiy,RU,2021-11-03 19:43:18,53.0452,158.6483,21.79,80,0,11.18
203,Zhigansk,RU,2021-11-03 19:43:18,66.7697,123.3711,-7.89,99,100,8.97
204,Katsuura,JP,2021-11-03 19:43:18,35.1333,140.3,60.91,65,98,8.75
205,Buala,SB,2021-11-03 19:43:00,-8.145,159.5921,80.13,81,74,3.62
206,Chuy,UY,2021-11-03 19:39:40,-33.6971,-53.4616,65.19,98,100,13.71
207,Bathsheba,BB,2021-11-03 19:41:29,13.2167,-59.5167,84.81,70,20,12.66
208,Sao Joao Da Barra,BR,2021-11-03 19:43:19,-21.6403,-41.0511,78.89,82,35,17.0
209,Nome,US,2021-11-03 19:43:20,64.5011,-165.4064,26.67,80,90,5.75
210,Changli,CN,2021-11-03 19:43:20,39.7042,119.1506,49.3,82,0,2.59
211,Makakilo City,US,2021-11-03 19:43:21,21.3469,-158.0858,82.29,73,75,4.61
212,Coquimbo,CL,2021-11-03 19:43:16,-29.9533,-71.3436,58.73,82,90,8.05
213,Whitehorse,CA,2021-11-03 19:43:21,60.7161,-135.0538,34.02,74,75,13.0
214,Sao Sebastiao,BR,2021-11-03 19:43:22,-23.76,-45.4097,72.95,83,64,3.49
215,Jurado,CO,2021-11-03 19:43:22,7.1053,-77.7641,79.2,82,89,6.13
216,Iqaluit,CA,2021-11-03 19:40:23,63.7506,-68.5145,22.73,67,75,10.0
217,Kruisfontein,ZA,2021-11-03 19:43:23,-34.0033,24.7314,56.88,81,0,1.74
218,Touros,BR,2021-11-03 19:43:23,-5.1989,-35.4608,86.9,69,3,11.92
219,Kavaratti,IN,2021-11-03 19:43:24,10.5669,72.642,81.86,76,100,10.89
220,Leningradskiy,RU,2021-11-03 19:43:24,69.3833,178.4167,-8.82,89,44,6.6
221,Yar-Sale,RU,2021-11-03 19:43:24,66.8333,70.8333,27.09,85,100,13.89
222,Lavrentiya,RU,2021-11-03 19:43:25,65.5833,-171.0,21.81,82,98,10.13
223,Methoni,GR,2021-11-03 19:43:25,36.8197,21.7049,63.21,73,0,4.9
224,Springbok,ZA,2021-11-03 19:43:26,-29.6643,17.8865,57.04,40,0,4.45
225,Altamira,BR,2021-11-03 19:43:26,-3.2033,-52.2064,91.49,79,75,5.75
226,Jardim,BR,2021-11-03 19:43:27,-21.4803,-56.1381,95.61,27,100,2.13
227,Kampene,CD,2021-11-03 19:43:27,-3.6,26.6667,65.1,99,41,1.19
228,San Ramon,US,2021-11-03 19:40:12,37.7799,-121.978,71.96,68,1,1.01
229,Upernavik,GL,2021-11-03 19:41:24,72.7868,-56.1549,21.76,92,100,8.63
230,Te Anau,NZ,2021-11-03 19:44:28,-45.4167,167.7167,48.56,76,27,0.69
231,Lasa,IT,2021-11-03 19:44:28,46.6166,10.7002,44.06,98,100,1.99
232,Oum Hadjer,TD,2021-11-03 19:44:29,13.2954,19.6966,90.48,16,76,9.89
233,Puerto Ayacucho,VE,2021-11-03 19:44:29,5.6639,-67.6236,84.25,73,100,3.71
234,Saint-Denis,FR,2021-11-03 19:44:30,48.9167,2.3333,47.1,83,0,1.01
235,Windhoek,NA,2021-11-03 19:44:30,-22.5594,17.0832,75.4,12,73,4.61
236,Olinda,BR,2021-11-03 19:44:30,-8.0089,-34.8553,83.93,70,40,10.36
237,Verkhnevilyuysk,RU,2021-11-03 19:40:33,63.4453,120.3167,10.83,96,95,7.0
238,High Level,CA,2021-11-03 19:44:31,58.5169,-117.136,39.31,70,75,3.44
239,Kandalaksha,RU,2021-11-03 19:44:31,67.162,32.4123,35.24,97,100,4.68
240,Adrar,MR,2021-11-03 19:41:15,20.5022,-10.0711,81.48,14,1,7.81
241,Sorrento,IT,2021-11-03 19:44:32,40.626,14.3744,70.11,97,75,6.91
242,Kaitangata,NZ,2021-11-03 19:43:00,-46.2817,169.8464,47.68,59,4,4.97
243,Vanavara,RU,2021-11-03 19:44:32,60.34,102.2797,4.62,86,100,6.93
244,Pemba,MZ,2021-11-03 19:44:33,-12.974,40.5178,77.7,88,20,13.8
245,Emba,KZ,2021-11-03 19:44:33,48.8264,58.1442,25.5,33,0,16.13
246,Sernur,RU,2021-11-03 19:44:34,56.9333,49.1536,31.1,67,7,13.02
247,Torbay,CA,2021-11-03 19:44:34,47.6666,-52.7314,49.75,68,20,6.91
248,Pangody,RU,2021-11-03 19:44:35,65.85,74.4859,21.42,94,100,14.0
249,Susangerd,IR,2021-11-03 19:44:35,31.5608,48.1831,71.62,26,27,7.65
250,Fairview,US,2021-11-03 19:44:36,40.8126,-73.999,54.23,45,20,8.05
251,Trinidad,BO,2021-11-03 19:44:36,-14.8333,-64.9,80.58,78,40,5.75
252,Richards Bay,ZA,2021-11-03 19:44:36,-28.783,32.0377,64.53,82,0,3.94
253,Codrington,AU,2021-11-03 19:44:37,-38.2667,141.9667,51.58,89,9,6.42
254,Muravlenko,RU,2021-11-03 19:44:38,63.7898,74.523,16.95,94,100,19.64
255,Iskateley,RU,2021-11-03 19:44:38,67.6803,53.1512,35.56,90,100,20.0
256,Ust-Maya,RU,2021-11-03 19:44:38,60.4167,134.5333,11.41,99,98,2.55
257,Tuatapere,NZ,2021-11-03 19:44:39,-46.1333,167.6833,50.83,61,4,3.31
258,Champerico,GT,2021-11-03 19:44:39,14.3,-91.9167,93.74,69,100,5.26
259,Jamkhed,IN,2021-11-03 19:44:40,18.7362,75.3121,76.1,67,100,8.86
260,Kifri,IQ,2021-11-03 19:44:40,34.6959,44.9661,76.93,39,52,8.12
261,Provideniya,RU,2021-11-03 19:44:41,64.3833,-173.3,13.8,79,100,10.87
262,Caxito,AO,2021-11-03 19:44:41,-8.5785,13.6643,76.51,80,94,4.36
263,Poum,NC,2021-11-03 19:44:41,-20.2333,164.0167,72.95,71,1,10.04
264,Vostok,RU,2021-11-03 19:44:42,46.4856,135.8833,28.98,78,43,3.6
265,Rawson,AR,2021-11-03 19:44:42,-43.3002,-65.1023,83.64,22,100,23.76
266,Vallenar,CL,2021-11-03 19:44:43,-28.5708,-70.7581,80.08,23,0,8.41
267,Bandarbeyla,SO,2021-11-03 19:44:43,9.4942,50.8122,77.49,68,10,9.4
268,Jurm,AF,2021-11-03 19:44:44,36.8648,70.8342,46.44,51,100,1.45
269,Labuhan,ID,2021-11-03 19:44:44,-6.8844,112.2051,80.38,80,82,2.1
270,Coro,VE,2021-11-03 19:44:44,11.4045,-69.6734,83.19,73,50,13.62
271,Kananga,CD,2021-11-03 19:44:45,-5.8958,22.4178,66.06,99,91,0.94
272,Maiduguri,NG,2021-11-03 19:44:45,11.8464,13.1603,84.88,22,9,8.1
273,Bougouni,ML,2021-11-03 19:45:46,11.417,-7.479,80.1,58,25,3.74
274,Lebedinyy,RU,2021-11-03 19:45:46,58.5167,125.5167,14.61,83,87,9.95
275,Vao,NC,2021-11-03 19:45:47,-22.6667,167.4833,69.44,63,0,8.32
276,Namibe,AO,2021-11-03 19:45:47,-15.1961,12.1522,64.96,84,33,2.01
277,Simpang,ID,2021-11-03 19:45:48,-1.2667,104.0833,73.56,98,86,2.71
278,Ibiuna,BR,2021-11-03 19:45:48,-23.6564,-47.2225,71.85,69,56,8.7
279,Pontes E Lacerda,BR,2021-11-03 19:45:49,-15.2261,-59.3353,79.86,76,99,8.59
280,Presidencia Roque Saenz Pena,AR,2021-11-03 19:45:49,-26.7852,-60.4388,89.04,40,97,3.96
281,Yumen,CN,2021-11-03 19:45:50,40.2833,97.2,38.97,28,0,8.7
282,Hammerfest,NO,2021-11-03 19:45:50,70.6634,23.6821,42.53,87,75,9.22
283,Curvelo,BR,2021-11-03 19:45:51,-18.7564,-44.4308,78.62,64,84,6.8
284,Amga,RU,2021-11-03 19:45:51,60.8953,131.9608,12.36,98,69,2.75
285,Victoria,HK,2021-11-03 19:43:40,22.2855,114.1577,77.32,83,98,4.0
286,Oytal,KZ,2021-11-03 19:45:52,42.9057,73.2697,24.67,94,100,7.14
287,Lorengau,PG,2021-11-03 19:41:26,-2.0226,147.2712,81.37,81,87,10.42
288,Itarema,BR,2021-11-03 19:42:37,-2.9248,-39.9167,82.24,67,3,14.79
289,Shimoda,JP,2021-11-03 19:45:52,34.6667,138.95,57.11,77,29,6.29
290,Port Hardy,CA,2021-11-03 19:45:44,50.6996,-127.4199,53.6,87,90,21.85
291,Birao,CF,2021-11-03 19:45:54,10.2849,22.7882,78.98,42,63,2.77
292,Ahipara,NZ,2021-11-03 19:45:54,-35.1667,173.1667,55.98,74,90,6.17
293,Isiro,CD,2021-11-03 19:45:55,2.7739,27.616,67.1,99,100,2.21
294,College,US,2021-11-03 19:45:56,64.8569,-147.8028,31.89,92,75,0.0
295,Baykit,RU,2021-11-03 19:45:56,61.67,96.37,-10.23,99,24,3.02
296,Kholodnyy,RU,2021-11-03 19:45:57,62.7167,147.95,-11.13,97,32,1.5
297,Mozarlandia,BR,2021-11-03 19:45:57,-14.7447,-50.5706,82.9,64,98,4.83
298,Xiangxiang,CN,2021-11-03 19:45:58,27.7333,112.5333,60.64,94,100,3.78
299,Evans,US,2021-11-03 19:45:58,33.5337,-82.1307,64.6,54,20,1.99
300,Curup,ID,2021-11-03 19:45:59,-3.4667,102.5333,67.01,98,100,1.39
301,Marzuq,YE,2021-11-03 19:45:59,14.4,46.4667,71.8,24,4,0.54
302,Tigil,RU,2021-11-03 19:42:38,57.8,158.6667,29.3,88,70,13.71
303,Rovnoye,RU,2021-11-03 19:46:00,50.7765,46.0509,45.32,59,100,16.89
304,Batagay-Alyta,RU,2021-11-03 19:46:00,67.8006,130.4114,-15.0,91,29,5.32
305,Aklavik,CA,2021-11-03 19:46:01,68.2191,-135.0107,16.63,95,73,8.37
306,Meulaboh,ID,2021-11-03 19:46:02,4.1363,96.1285,75.11,90,100,3.24
307,Broken Hill,AU,2021-11-03 19:46:02,-31.95,141.4333,58.71,72,90,12.66
308,Kemin,KG,2021-11-03 19:46:03,42.7846,75.6892,28.06,97,100,4.03
309,Suhut,TR,2021-11-03 19:46:04,38.5311,30.5458,54.84,68,12,3.67
310,Agadez,NE,2021-11-03 19:46:04,19.75,10.25,77.83,16,0,1.79
311,Zanjan,IR,2021-11-03 19:46:05,36.6736,48.4787,53.47,64,11,1.23
312,Camacha,PT,2021-11-03 19:46:05,33.0833,-16.3333,70.54,78,75,9.22
313,Buta,CD,2021-11-03 19:46:06,2.7858,24.73,70.92,98,100,3.13
314,Tabou,CI,2021-11-03 19:46:06,4.423,-7.3528,78.84,84,94,6.46
315,Zhanakorgan,KZ,2021-11-03 19:46:07,43.9098,67.2495,32.72,35,0,25.52
316,Shelabolikha,RU,2021-11-03 19:46:07,53.4131,82.6167,4.46,86,72,4.63
317,Picos,BR,2021-11-03 19:46:07,-7.0769,-41.4669,91.36,41,59,7.58
318,Ndungu,TZ,2021-11-03 19:46:08,-4.3667,38.05,72.97,92,23,5.1
319,Barinitas,VE,2021-11-03 19:46:08,8.7622,-70.4111,79.63,74,81,0.67
320,Susanville,US,2021-11-03 19:47:09,40.4163,-120.653,55.24,62,1,4.61
321,Brandfort,ZA,2021-11-03 19:47:09,-28.7001,26.4597,56.61,14,0,5.06
322,Taitung,TW,2021-11-03 19:47:10,22.7583,121.1444,74.71,84,86,6.17
323,Havoysund,NO,2021-11-03 19:47:10,70.9963,24.6622,41.88,85,100,17.83
324,Auki,SB,2021-11-03 19:47:11,-8.7676,160.7034,76.8,85,22,3.87
325,Kiunga,PG,2021-11-03 19:47:11,-6.1219,141.2906,70.95,100,91,2.15
326,Pacific Grove,US,2021-11-03 19:47:12,36.6177,-121.9166,75.58,76,1,3.0
327,Tanete,ID,2021-11-03 19:47:12,-3.9443,119.7848,75.16,96,98,3.44
328,Kieta,PG,2021-11-03 19:47:12,-6.2167,155.6333,78.98,86,100,2.64
329,Praia,CV,2021-11-03 19:47:13,14.9215,-23.5087,82.94,42,40,10.36
330,Arman,RU,2021-11-03 19:47:13,59.7,150.1667,21.02,92,100,5.26
331,Turukhansk,RU,2021-11-03 19:47:14,65.8167,87.9833,3.06,93,100,15.86
332,Lewisporte,CA,2021-11-03 19:47:14,49.2499,-55.0482,47.14,81,100,5.77
333,Dillon,US,2021-11-03 19:47:15,34.4166,-79.3712,58.98,38,97,11.77
334,Salmo,CA,2021-11-03 19:47:15,49.1999,-117.2689,51.08,88,99,2.42
335,Khandbari,NP,2021-11-03 19:47:16,27.3747,87.2039,56.1,78,2,3.78
336,Coleraine,GB,2021-11-03 19:47:16,55.1333,-6.6667,46.31,68,100,19.6
337,Burgersdorp,ZA,2021-11-03 19:47:16,-30.9977,26.3286,61.56,16,5,7.29
338,Poltavka,RU,2021-11-03 19:47:17,54.3663,71.7632,12.47,86,20,4.14
339,Westport,US,2021-11-03 19:47:17,41.1415,-73.3579,53.98,48,1,1.01
340,Qaqortoq,GL,2021-11-03 19:47:18,60.7167,-46.0333,37.9,92,100,5.48
341,Portland,US,2021-11-03 19:45:29,45.5234,-122.6762,59.36,76,90,3.0
342,Henties Bay,NA,2021-11-03 19:42:42,-22.116,14.2845,57.85,86,32,8.68
343,Arkhangelsk,RU,2021-11-03 19:44:01,64.5401,40.5433,41.11,87,90,4.47
344,Padang,ID,2021-11-03 19:47:18,-0.9492,100.3543,76.96,90,100,3.4
345,Ushtobe,KZ,2021-11-03 19:42:28,45.2514,77.9838,10.92,63,4,16.08
346,Mount Isa,AU,2021-11-03 19:47:19,-20.7333,139.5,71.37,83,44,0.0
347,Borovskoy,KZ,2021-11-03 19:47:20,53.8,64.15,14.81,80,45,6.29
348,Aswan,EG,2021-11-03 19:47:20,24.0934,32.907,81.61,28,0,8.86
349,Mwinilunga,ZM,2021-11-03 19:47:20,-11.7358,24.4293,63.79,85,100,2.44
350,Sola,VU,2021-11-03 19:47:21,-13.8833,167.55,78.39,77,100,3.29
351,Grindavik,IS,2021-11-03 19:47:21,63.8424,-22.4338,45.07,87,90,21.85
352,May Pen,JM,2021-11-03 19:47:22,17.9645,-77.2451,85.24,58,77,7.76
353,Calamar,CO,2021-11-03 19:47:22,10.2511,-74.9146,85.95,69,57,8.48
354,Medea,DZ,2021-11-03 19:47:23,36.2642,2.7539,50.45,82,100,12.21
355,Khislavichi,RU,2021-11-03 19:47:23,54.1871,32.1582,46.08,86,97,13.04
356,Umm Lajj,SA,2021-11-03 19:47:24,25.0213,37.2685,80.96,65,0,10.47
357,Bijie,CN,2021-11-03 19:47:24,27.3125,105.2942,49.73,97,100,2.86
358,Polunochnoye,RU,2021-11-03 19:47:24,60.8697,60.4153,19.08,84,23,6.62
359,Yerbogachen,RU,2021-11-03 19:47:25,61.2767,108.0108,-5.6,99,29,3.71
360,Guerrero Negro,MX,2021-11-03 19:43:47,27.9769,-114.0611,72.77,62,4,13.24
361,Hualmay,PE,2021-11-03 19:47:26,-11.0964,-77.6139,68.97,72,47,9.4
362,Filingue,NE,2021-11-03 19:47:26,14.3521,3.3168,88.92,13,16,5.26
363,Aden,YE,2021-11-03 19:43:11,12.7794,45.0367,82.44,52,3,4.27
364,Ouesso,CG,2021-11-03 19:47:27,1.6136,16.0517,72.48,96,89,2.82
365,Niksic,ME,2021-11-03 19:47:27,42.7731,18.9445,58.87,98,100,12.3
366,San Quintin,MX,2021-11-03 19:47:28,30.4833,-115.95,69.35,68,0,13.42
367,Kichera,RU,2021-11-03 19:48:28,55.9375,110.0997,19.65,91,100,8.63
368,Smidovich,RU,2021-11-03 19:48:29,48.6,133.8167,32.29,61,91,3.47
369,Waterloo,CA,2021-11-03 19:44:25,43.4668,-80.5164,43.65,76,75,7.0
370,Dicabisagan,PH,2021-11-03 19:48:29,17.0818,122.4157,76.39,88,32,6.13
371,Vanino,RU,2021-11-03 19:48:30,49.0869,140.2543,31.98,90,63,3.44
372,Bairiki,KI,2021-11-03 19:48:30,1.3292,172.9752,82.4,74,40,6.91
373,Valleyview,CA,2021-11-03 19:48:31,55.0667,-117.2859,42.84,45,98,9.22
374,Mayumba,GA,2021-11-03 19:48:31,-3.432,10.6554,76.75,88,98,3.38
375,Ketchikan,US,2021-11-03 19:48:32,55.3422,-131.6461,48.67,93,90,5.75
376,Chippenham,GB,2021-11-03 19:48:33,51.46,-2.1247,47.52,78,100,8.08
377,Bagan,RU,2021-11-03 19:48:33,54.1001,77.6646,11.25,92,100,2.82
378,Loreto,MX,2021-11-03 19:48:16,22.2667,-101.9667,72.88,20,10,4.72
379,Cairns,AU,2021-11-03 19:48:34,-16.9167,145.7667,72.1,94,75,12.66
380,Alpena,US,2021-11-03 19:48:34,45.0617,-83.4327,41.18,79,75,3.0
381,Norman Wells,CA,2021-11-03 19:48:35,65.282,-126.8329,15.84,92,90,4.61
382,Ramganj,BD,2021-11-03 19:48:36,23.1,90.85,67.24,79,48,6.33
383,Killarney,IE,2021-11-03 19:48:36,52.05,-9.5167,41.74,93,16,4.83
384,Paris,FR,2021-11-03 19:44:21,48.8534,2.3488,47.1,86,0,1.01
385,Araouane,ML,2021-11-03 19:48:36,18.9048,-3.5265,87.24,13,0,6.35
386,Machhlishahr,IN,2021-11-03 19:48:37,25.6833,82.4167,68.56,49,0,2.46
387,Belmonte,BR,2021-11-03 19:48:37,-15.8631,-38.8828,88.3,90,89,13.62
388,Shenzhen,CN,2021-11-03 19:45:39,22.5455,114.0683,77.22,84,52,4.88
389,Chisindia,RO,2021-11-03 19:48:38,46.2833,22.1,54.39,63,100,7.47
390,Taoudenni,ML,2021-11-03 19:46:45,22.6783,-3.9836,87.33,16,0,2.01
391,Praia Da Vitoria,PT,2021-11-03 19:48:38,38.7333,-27.0667,66.76,100,75,21.03
392,Santiago Del Estero,AR,2021-11-03 19:48:40,-27.7951,-64.2615,88.95,37,0,7.72
393,Namatanai,PG,2021-11-03 19:48:40,-3.6667,152.4333,80.06,82,100,8.37
394,Bria,CF,2021-11-03 19:48:40,6.5423,21.9863,70.57,93,100,2.98
395,Salisbury,GB,2021-11-03 19:45:44,51.0693,-1.7957,47.48,89,40,5.75
396,Byron Bay,AU,2021-11-03 19:48:41,-28.65,153.6167,63.88,74,100,2.68
397,Kholmy,UA,2021-11-03 19:48:41,51.871,32.6006,44.73,96,57,6.17
398,Svetlyy,RU,2021-11-03 19:48:42,54.675,20.1347,46.45,87,2,8.32
399,Kargil,IN,2021-11-03 19:48:42,34.5667,76.1,22.78,69,70,4.59
400,Vysotskoye,RU,2021-11-03 19:48:42,45.025,42.9064,51.17,64,100,8.03
401,Tateyama,JP,2021-11-03 19:47:09,34.9833,139.8667,60.82,66,82,8.1
402,Maryborough,AU,2021-11-03 19:48:43,-25.5333,152.7,64.11,68,29,2.91
403,Saint George,US,2021-11-03 19:48:43,37.1041,-113.5841,75.67,34,1,1.99
404,Sabinas Hidalgo,MX,2021-11-03 19:48:44,26.5,-100.1667,81.48,44,90,6.15
405,Brigantine,US,2021-11-03 19:48:44,39.4101,-74.3646,55.0,48,75,8.05
406,Kerouane,GN,2021-11-03 19:48:45,9.2667,-9.0167,75.13,72,14,3.85
407,Kosh-Agach,RU,2021-11-03 19:46:48,50.0,88.6667,-7.35,78,54,5.77
408,Sept-Iles,CA,2021-11-03 19:44:43,50.2001,-66.3821,41.52,59,75,5.01
409,Petatlan,MX,2021-11-03 19:46:32,17.5167,-101.2667,89.4,69,98,5.7
410,Yucaipa,US,2021-11-03 19:45:27,34.0336,-117.0431,82.78,25,1,1.99
411,Ayame,CI,2021-11-03 19:48:46,5.6083,-3.1563,75.42,92,72,3.15
412,Oxford,GB,2021-11-03 19:47:56,51.7522,-1.256,47.05,91,75,8.05
413,Gamba,GA,2021-11-03 19:48:46,-2.65,10.0,76.32,89,35,4.21
414,Mackenzie,CA,2021-11-03 19:45:43,55.2999,-123.1698,41.22,93,90,13.8
415,Tura,IN,2021-11-03 19:49:47,25.5198,90.2201,63.09,91,0,3.22
416,Tamandare,BR,2021-11-03 19:49:48,-8.7597,-35.1047,80.33,78,34,14.83
417,Gore,NZ,2021-11-03 19:49:48,-46.1028,168.9436,50.23,62,11,1.99
418,Porlamar,VE,2021-11-03 19:49:48,10.958,-63.8491,81.97,76,100,14.23
419,Marica,BR,2021-11-03 19:49:49,-22.9194,-42.8186,78.26,85,71,6.29
420,Noumea,NC,2021-11-03 19:49:49,-22.2763,166.4572,73.0,99,3,7.31
421,Taber,CA,2021-11-03 19:45:43,49.8167,-112.1518,54.91,76,98,10.36
422,Cardiff,GB,2021-11-03 19:49:50,51.48,-3.18,47.89,85,11,1.01
423,Hendersonville,US,2021-11-03 19:46:50,36.3048,-86.62,50.58,51,100,3.0
424,Sao Filipe,CV,2021-11-03 19:49:51,14.8961,-24.4956,79.99,73,96,7.67
425,Fonte Boa,BR,2021-11-03 19:49:51,-2.4959,-66.2662,90.54,50,76,0.43
426,Saint-Joseph,RE,2021-11-03 19:49:52,-21.3667,55.6167,71.98,78,0,7.02
427,Aasiaat,GL,2021-11-03 19:49:52,68.7098,-52.8699,28.42,86,98,2.62
428,Riviere-Au-Renard,CA,2021-11-03 19:49:53,48.9957,-64.3971,46.69,57,65,6.93
429,Zhenlai,CN,2021-11-03 19:49:53,45.8495,123.2973,37.17,70,1,5.57
430,Mantua,IT,2021-11-03 19:49:53,45.1667,10.7833,58.91,90,100,4.0
431,Talakan,RU,2021-11-03 19:49:54,50.3167,130.3667,32.2,95,95,5.12
432,At-Bashi,KG,2021-11-03 19:49:54,41.1702,75.8106,28.65,56,97,1.32
433,Kolobrzeg,PL,2021-11-03 19:49:55,54.1757,15.5834,43.97,100,47,6.15
434,Tulagi,SB,2021-11-03 19:49:55,-9.0996,160.1476,80.28,76,29,4.34
435,Fare,PF,2021-11-03 19:49:56,-16.7,-151.0167,78.67,77,2,7.38
436,Santa Rosalia,MX,2021-11-03 19:49:56,27.3167,-112.2833,80.94,36,0,9.08
437,Talcahuano,CL,2021-11-03 19:48:45,-36.7167,-73.1167,56.88,67,75,11.5
438,Avera,US,2021-11-03 19:49:57,33.194,-82.5271,65.08,45,64,8.14
439,Sioux Lookout,CA,2021-11-03 19:49:57,50.1001,-91.917,37.78,65,75,10.36
440,Omboue,GA,2021-11-03 19:49:58,-1.5746,9.2618,76.59,91,100,6.89
441,Kayerkan,RU,2021-11-03 19:49:58,69.3497,87.7602,5.49,93,100,18.1
442,Moses Lake,US,2021-11-03 19:49:58,47.1301,-119.2781,48.88,87,90,0.0
443,Ancud,CL,2021-11-03 19:49:59,-41.8697,-73.8203,51.33,79,58,18.12
444,Whitianga,NZ,2021-11-03 19:50:00,-36.8333,175.7,54.01,69,100,18.99
445,Coolum Beach,AU,2021-11-03 19:50:00,-26.5333,153.1,63.07,85,100,5.7
446,Haimen,CN,2021-11-03 19:50:01,23.1935,116.6142,71.49,81,34,14.47
447,Margate,GB,2021-11-03 19:50:01,51.3813,1.3862,48.69,83,100,7.0
448,Belyy Yar,RU,2021-11-03 19:50:02,53.6039,91.3903,-0.51,85,40,2.24
449,Tchollire,CM,2021-11-03 19:50:03,8.4022,14.1698,79.9,59,85,3.22
450,Capreol,CA,2021-11-03 19:47:05,46.706,-80.9225,34.92,63,75,1.01
451,Egvekinot,RU,2021-11-03 19:50:04,66.3167,-179.1667,-0.29,80,100,11.18
452,Honjo,JP,2021-11-03 19:50:04,36.2333,139.1833,50.81,60,8,6.71
453,Palmer,US,2021-11-03 19:50:05,42.1584,-72.3287,52.48,43,40,1.01
454,Awbari,LY,2021-11-03 19:50:06,26.5921,12.7805,76.5,16,4,11.86
455,Mizdah,LY,2021-11-03 19:50:07,31.4451,12.9801,75.29,22,1,8.95
456,Ampanihy,MG,2021-11-03 19:50:08,-24.7,44.75,71.85,78,0,3.53
457,Chupa,RU,2021-11-03 19:50:09,66.27,33.0549,37.94,92,100,6.02
458,Sonta,RS,2021-11-03 19:50:09,45.5947,19.0981,56.28,82,100,19.37
459,Tromso,NO,2021-11-03 19:51:10,69.6496,18.957,42.82,81,75,1.01
460,Ko Samui,TH,2021-11-03 19:47:36,9.5357,99.9357,81.95,72,100,6.13
461,Nuuk,GL,2021-11-03 19:51:11,64.1835,-51.7216,34.23,97,100,27.25
462,Pitimbu,BR,2021-11-03 19:48:32,-7.4706,-34.8086,84.79,74,41,12.41
463,Beyneu,KZ,2021-11-03 19:51:11,45.3167,55.2,42.49,38,100,23.96
464,Hanting,CN,2021-11-03 19:51:12,36.7708,119.2108,54.45,61,4,4.52
465,Pilot Butte,CA,2021-11-03 19:51:12,50.4668,-104.4178,42.66,61,20,3.44
466,Santa Cruz De La Palma,ES,2021-11-03 19:51:12,28.6835,-17.7642,71.74,73,75,4.61
467,San Jose,US,2021-11-03 19:48:44,37.3394,-121.895,75.45,66,20,1.01
468,Tairua,NZ,2021-11-03 19:51:13,-37.0167,175.85,61.09,70,100,19.66
469,Yeppoon,AU,2021-11-03 19:51:13,-23.1333,150.7333,64.18,60,12,14.41
470,Rock Sound,BS,2021-11-03 19:51:14,24.9,-76.2,78.96,69,8,12.64
471,Broome,US,2021-11-03 19:51:14,42.2506,-75.833,45.32,63,90,4.0
472,Puerto El Triunfo,SV,2021-11-03 19:51:14,13.2833,-88.55,85.3,61,82,7.96
473,Bengkulu,ID,2021-11-03 19:51:15,-3.8004,102.2655,74.95,89,97,3.09
474,Tyukhtet,RU,2021-11-03 19:51:16,56.5389,89.3011,0.82,96,83,6.53
475,Port Keats,AU,2021-11-03 19:51:16,-14.25,129.55,82.71,74,70,2.55
476,San Patricio,US,2021-11-03 19:51:16,28.017,-97.5169,84.88,56,99,8.75
477,Green River,US,2021-11-03 19:51:17,41.5286,-109.4662,54.16,42,93,11.01
478,Jining,CN,2021-11-03 19:51:17,35.405,116.5814,59.0,1,100,4.92
479,Viedma,AR,2021-11-03 19:50:27,-40.8135,-62.9967,89.64,21,72,23.53
480,Umea,SE,2021-11-03 19:51:18,63.8284,20.2597,42.73,100,90,3.44
481,Oktyabrskoye,RU,2021-11-03 19:51:18,43.0645,44.7417,44.74,100,100,2.24
482,Dali,CN,2021-11-03 19:51:19,25.7,100.1833,48.49,83,2,4.52
483,Lebu,CL,2021-11-03 19:50:38,-37.6167,-73.65,55.33,60,4,10.36
484,Cidreira,BR,2021-11-03 19:51:19,-30.1811,-50.2056,68.61,95,100,16.67
485,Kambove,CD,2021-11-03 19:51:20,-10.8764,26.5969,64.9,80,98,4.54
486,Sungaipenuh,ID,2021-11-03 19:51:20,-2.0833,101.3833,64.22,98,98,0.47
487,Tautira,PF,2021-11-03 19:51:21,-17.7333,-149.15,82.42,80,85,15.43
488,Port Blair,IN,2021-11-03 19:50:34,11.6667,92.75,80.62,81,25,4.83
489,Norfolk,US,2021-11-03 19:51:21,42.1668,-71.2495,53.46,50,1,1.01
490,Boyuibe,BO,2021-11-03 19:51:22,-20.4167,-63.2833,89.51,32,85,5.91
491,Qiongshan,CN,2021-11-03 19:51:22,20.0058,110.3542,75.18,94,40,0.0
492,Sistranda,NO,2021-11-03 19:51:23,63.7256,8.834,37.36,80,98,5.01
493,Mitchelstown,IE,2021-11-03 19:51:23,52.2658,-8.2681,44.02,87,38,11.56
494,Elizabeth City,US,2021-11-03 19:51:23,36.2946,-76.2511,58.01,45,20,1.01
495,Hof,DE,2021-11-03 19:51:24,50.3167,11.9167,44.8,88,75,2.3
496,Partizanskoye,RU,2021-11-03 19:51:24,55.5006,94.39,4.71,75,100,14.23
497,Talas,TR,2021-11-03 19:51:25,38.6908,35.5538,47.07,93,75,3.44
498,Sandakan,MY,2021-11-03 19:51:25,5.8402,118.1179,78.48,94,20,3.0
499,Iwanai,JP,2021-11-03 19:51:26,42.9744,140.5089,43.86,91,100,3.15
500,Yurimaguas,PE,2021-11-03 19:51:26,-5.9,-76.0833,77.16,59,40,6.91
501,Sault Sainte Marie,CA,2021-11-03 19:49:39,46.5168,-84.3333,37.96,59,90,4.61
502,Luderitz,NA,2021-11-03 19:51:27,-26.6481,15.1594,59.52,63,2,16.51
503,San Isidro,PE,2021-11-03 19:51:27,-12.1167,-77.05,67.59,73,90,3.0
504,Shubarshi,KZ,2021-11-03 19:52:27,48.5872,57.1869,26.91,31,0,16.13
505,Ugoofaaru,MV,2021-11-03 19:52:28,5.6667,73.0,82.49,81,100,16.46
506,Kalga,RU,2021-11-03 19:52:28,50.9251,118.898,28.58,83,88,2.75
507,Tomari,RU,2021-11-03 19:52:29,47.7658,142.0683,39.74,86,86,5.64
508,Lompoc,US,2021-11-03 19:51:06,34.6391,-120.4579,84.13,72,1,4.61
509,Najran,SA,2021-11-03 19:52:29,17.4924,44.1277,66.85,31,1,1.59
510,Isangel,VU,2021-11-03 19:52:30,-19.55,169.2667,68.11,83,39,3.44
511,Raga,SS,2021-11-03 19:52:30,8.4596,25.678,74.84,74,99,4.29
512,Havelock,US,2021-11-03 19:52:30,34.8791,-76.9013,59.0,64,75,4.0
513,Berdigestyakh,RU,2021-11-03 19:52:31,62.0989,126.6992,13.69,98,95,3.85
514,Gonbad-E Qabus,IR,2021-11-03 19:52:31,37.25,55.1672,64.69,63,100,7.61
515,Kulhudhuffushi,MV,2021-11-03 19:52:32,6.6221,73.07,81.34,81,100,18.45
516,Beringovskiy,RU,2021-11-03 19:52:32,63.05,179.3167,-0.9,85,4,9.66
517,Ayan,RU,2021-11-03 19:52:32,56.45,138.1667,29.01,72,100,6.24
518,Sangar,RU,2021-11-03 19:47:44,63.9242,127.4739,14.61,94,100,11.86
519,Lamu,KE,2021-11-03 19:52:33,-2.2717,40.902,80.82,85,4,10.6
520,Black River,JM,2021-11-03 19:52:33,18.0264,-77.8487,86.0,68,97,4.18
521,Karpogory,RU,2021-11-03 19:52:34,64.0019,44.4451,38.25,87,100,11.07
522,Stornoway,GB,2021-11-03 19:52:34,58.2093,-6.3865,43.93,87,40,11.5
523,Flin Flon,CA,2021-11-03 19:52:35,54.7682,-101.865,40.84,48,1,4.61
524,Port-Cartier,CA,2021-11-03 19:52:35,50.0334,-66.8654,41.22,50,97,10.51
525,Pizarro,CO,2021-11-03 19:52:35,4.9533,-77.366,80.62,75,65,6.87
526,Alcaniz,ES,2021-11-03 19:52:36,41.05,-0.1333,53.44,62,3,22.84
527,Eyemouth,GB,2021-11-03 19:52:36,55.8713,-2.0901,44.83,74,100,24.47
528,Neiafu,TO,2021-11-03 19:52:37,-18.65,-173.9833,79.48,83,40,6.91
529,Pisz,PL,2021-11-03 19:52:37,53.6274,21.8125,35.85,92,0,5.64
530,Coihaique,CL,2021-11-03 19:51:09,-45.5752,-72.0662,50.61,66,75,6.91
531,Puerto Escondido,MX,2021-11-03 19:52:38,15.85,-97.0667,84.65,64,80,5.99
532,America Dourada,BR,2021-11-03 19:52:38,-11.4553,-41.4361,73.89,82,100,3.83
533,Obo,CF,2021-11-03 19:52:38,5.3998,26.4869,71.96,86,99,1.99
534,Leirvik,NO,2021-11-03 19:52:39,59.7798,5.5005,47.62,76,95,6.55
535,Thompson,CA,2021-11-03 19:51:57,55.7435,-97.8558,33.96,69,20,4.61
536,Hofn,IS,2021-11-03 19:51:48,64.2539,-15.2082,33.82,55,75,4.61
537,El Bagre,CO,2021-11-03 19:52:39,7.5927,-74.8086,85.84,62,94,2.53
538,Rockhampton,AU,2021-11-03 19:52:40,-23.3833,150.5,64.29,77,2,5.75
539,Langxiang,CN,2021-11-03 19:52:40,46.95,128.8833,33.42,97,38,1.7
540,Saint-Francois,FR,2021-11-03 19:52:41,46.4154,3.9054,44.47,87,90,4.61
541,Jaru,BR,2021-11-03 19:52:41,-10.4389,-62.4664,88.68,53,65,2.77
542,Show Low,US,2021-11-03 19:52:41,34.2542,-110.0298,66.07,28,1,8.05
543,Svobodnyy,RU,2021-11-03 19:52:42,51.4,128.1333,33.26,99,100,5.44
544,Pemangkat,ID,2021-11-03 19:52:42,1.1667,108.9667,78.84,83,100,6.02
545,Dickinson,US,2021-11-03 19:52:42,29.4608,-95.0513,78.03,80,20,3.0
546,Kokemaki,FI,2021-11-03 19:52:43,61.2565,22.3564,44.76,96,100,6.15
547,Reconquista,AR,2021-11-03 19:52:43,-29.15,-59.65,86.43,42,43,6.4
548,Manassas,US,2021-11-03 19:52:44,38.751,-77.4753,53.71,44,1,3.0
549,Nizhniy Tsasuchey,RU,2021-11-03 19:52:44,50.5167,115.1333,28.27,80,15,7.02
550,Ust-Ishim,RU,2021-11-03 19:53:44,57.6935,71.1665,13.62,87,100,6.91
551,Aquiraz,BR,2021-11-03 19:53:45,-3.9014,-38.3911,82.49,74,9,9.75
552,Vertientes,CU,2021-11-03 19:53:45,21.2594,-78.1464,80.98,66,95,11.25
553,Muskogee,US,2021-11-03 19:53:46,35.5834,-95.3336,50.45,80,100,5.41
554,La Ronge,CA,2021-11-03 19:53:46,55.1001,-105.2842,43.05,39,1,3.44
555,Houston,US,2021-11-03 19:53:46,29.7633,-95.3633,75.9,79,90,8.01
556,Rabo De Peixe,PT,2021-11-03 19:53:47,37.8,-25.5833,66.27,98,75,11.5
557,Akureyri,IS,2021-11-03 19:53:47,65.6835,-18.0878,39.13,75,75,17.27
558,Lyngseidet,NO,2021-11-03 19:53:48,69.5763,20.2189,43.47,87,100,8.66
559,Lodwar,KE,2021-11-03 19:53:48,3.1191,35.5973,86.99,38,89,18.77
